symbol,first_date,last_date,row_count
A,2024-07-01,2026-02-04,401
AA,2024-07-01,2026-02-04,401
AAL,2024-07-01,2026-02-04,401
AAON,2024-07-01,2026-02-04,401
AAPL,2024-07-01,2026-02-04,401
ABBV,2024-07-01,2026-02-04,401
ABNB,2024-07-01,2026-02-04,401
ABT,2024-07-01,2026-02-04,401
ACGL,2024-07-01,2026-02-04,401
ACHC,2024-07-01,2026-02-04,401
ACI,2024-07-01,2026-02-04,401
ACM,2024-07-01,2026-02-04,401
ACN,2024-07-01,2026-02-04,401
ADBE,2024-07-01,2026-02-04,401
ADC,2024-07-01,2026-02-04,401
ADI,2024-07-01,2026-02-04,401
ADM,2024-07-01,2026-02-04,401
ADP,2024-07-01,2026-02-04,401
ADSK,2024-07-01,2026-02-04,401
ADT,2024-07-01,2026-02-04,401
AEE,2024-07-01,2026-02-04,401
AEP,2024-07-01,2026-02-04,401
AES,2024-07-01,2026-02-04,401
AFG,2024-07-01,2026-02-04,401
AFL,2024-07-01,2026-02-04,401
AFRM,2024-07-01,2026-02-04,401
AGCO,2024-07-01,2026-02-04,401
AGNC,2024-07-01,2026-02-04,401
AGO,2024-07-01,2026-02-04,401
AIG,2024-07-01,2026-02-04,401
AIT,2024-07-01,2026-02-04,401
AIZ,2024-07-01,2026-02-04,401
AJG,2024-07-01,2026-02-04,401
AKAM,2024-07-01,2026-02-04,401
AL,2024-07-01,2026-02-04,401
ALAB,2024-07-01,2026-02-04,401
ALB,2024-07-01,2026-02-04,401
ALGM,2024-07-01,2026-02-04,401
ALGN,2024-07-01,2026-02-04,401
ALK,2024-07-01,2026-02-04,401
ALL,2024-07-01,2026-02-04,401
ALLE,2024-07-01,2026-02-04,401
ALLY,2024-07-01,2026-02-04,401
ALNY,2024-07-01,2026-02-04,401
ALSN,2024-07-01,2026-02-04,401
AM,2024-07-01,2026-02-04,401
AMAT,2024-07-01,2026-02-04,401
AMCR,2024-07-01,2026-02-04,401
AMD,2024-07-01,2026-02-04,401
AME,2024-07-01,2026-02-04,401
AMG,2024-07-01,2026-02-04,401
AMGN,2024-07-01,2026-02-04,401
AMH,2024-07-01,2026-02-04,401
AMKR,2024-07-01,2026-02-04,401
AMP,2024-07-01,2026-02-04,401
AMT,2024-07-01,2026-02-04,401
AMTM,2024-09-30,2026-02-04,338
AMZN,2024-07-01,2026-02-04,401
AN,2024-07-01,2026-02-04,401
ANET,2024-07-01,2026-02-04,401
AON,2024-07-01,2026-02-04,401
AOS,2024-07-01,2026-02-04,401
APA,2024-07-01,2026-02-04,401
APD,2024-07-01,2026-02-04,401
APG,2024-07-01,2026-02-04,401
APH,2024-07-01,2026-02-04,401
APLS,2024-07-01,2026-02-04,401
APO,2024-07-01,2026-02-04,401
APP,2024-07-01,2026-02-04,401
APPF,2024-07-01,2026-02-04,401
APTV,2024-07-01,2026-02-04,401
AR,2024-07-01,2026-02-04,401
ARE,2024-07-01,2026-02-04,401
ARES,2024-07-01,2026-02-04,401
ARMK,2024-07-01,2026-02-04,401
ARW,2024-07-01,2026-02-04,401
AS,2024-07-01,2026-02-04,401
ASH,2024-07-01,2026-02-04,401
ASTS,2024-07-01,2026-02-04,401
ATI,2024-07-01,2026-02-04,401
ATO,2024-07-01,2026-02-04,401
ATR,2024-07-01,2026-02-04,401
AU,2024-07-01,2026-02-04,401
AUR,2024-07-01,2026-02-04,401
AVB,2024-07-01,2026-02-04,401
AVGO,2024-07-01,2026-02-04,401
AVT,2024-07-01,2026-02-04,401
AVTR,2024-07-01,2026-02-04,401
AVY,2024-07-01,2026-02-04,401
AWI,2024-07-01,2026-02-04,401
AWK,2024-07-01,2026-02-04,401
AXON,2024-07-01,2026-02-04,401
AXP,2024-07-01,2026-02-04,401
AXS,2024-07-01,2026-02-04,401
AXTA,2024-07-01,2026-02-04,401
AYI,2024-07-01,2026-02-04,401
AZO,2024-07-01,2026-02-04,401
BA,2024-07-01,2026-02-04,401
BAC,2024-07-01,2026-02-04,401
BAH,2024-07-01,2026-02-04,401
BALL,2024-07-01,2026-02-04,401
BAM,2024-07-01,2026-02-04,401
BAX,2024-07-01,2026-02-04,401
BBWI,2024-07-01,2026-02-04,401
BBY,2024-07-01,2026-02-04,401
BC,2024-07-01,2026-02-04,401
BDX,2024-07-01,2026-02-04,401
BEN,2024-07-01,2026-02-04,401
BEPC,2024-07-01,2026-02-04,401
BF.A,2024-07-01,2026-02-04,401
BF.B,2024-07-01,2026-02-04,401
BFAM,2024-07-01,2026-02-04,401
BG,2024-07-01,2026-02-04,401
BHF,2024-07-01,2026-02-04,401
BIIB,2024-07-01,2026-02-04,401
BILL,2024-07-01,2026-02-04,401
BIO,2024-07-01,2026-02-04,401
BIRK,2024-07-01,2026-02-04,401
BJ,2024-07-01,2026-02-04,401
BK,2024-07-01,2026-02-04,401
BKNG,2024-07-01,2026-02-04,401
BKR,2024-07-01,2026-02-04,401
BLD,2024-07-01,2026-02-04,401
BLDR,2024-07-01,2026-02-04,401
BLK,2024-07-01,2026-02-04,401
BLSH,2025-08-13,2026-02-04,121
BMRN,2024-07-01,2026-02-04,401
BMY,2024-07-01,2026-02-04,401
BOKF,2024-07-01,2026-02-04,401
BPOP,2024-07-01,2026-02-04,401
BR,2024-07-01,2026-02-04,401
BRBR,2024-07-01,2026-02-04,401
BRK.B,2024-07-01,2026-02-04,401
BRKR,2024-07-01,2026-02-04,401
BRO,2024-07-01,2026-02-04,401
BROS,2024-07-01,2026-02-04,401
BRX,2024-07-01,2026-02-04,401
BSX,2024-07-01,2026-02-04,401
BSY,2024-07-01,2026-02-04,401
BURL,2024-07-01,2026-02-04,401
BWA,2024-07-01,2026-02-04,401
BWXT,2024-07-01,2026-02-04,401
BX,2024-07-01,2026-02-04,401
BXP,2024-07-01,2026-02-04,401
BYD,2024-07-01,2026-02-04,401
C,2024-07-01,2026-02-04,401
CACC,2024-07-01,2026-02-04,401
CACI,2024-07-01,2026-02-04,401
CAG,2024-07-01,2026-02-04,401
CAH,2024-07-01,2026-02-04,401
CAI,2025-06-18,2026-02-04,159
CAR,2024-07-01,2026-02-04,401
CARR,2024-07-01,2026-02-04,401
CART,2024-07-01,2026-02-04,401
CASY,2024-07-01,2026-02-04,401
CAT,2024-07-01,2026-02-04,401
CAVA,2024-07-01,2026-02-04,401
CB,2024-07-01,2026-02-04,401
CBOE,2024-07-01,2026-02-04,401
CBRE,2024-07-01,2026-02-04,401
CBSH,2024-07-01,2026-02-04,401
CCC,2025-10-31,2026-02-04,65
CCI,2024-07-01,2026-02-04,401
CCK,2024-07-01,2026-02-04,401
CCL,2024-07-01,2026-02-04,401
CDNS,2024-07-01,2026-02-04,401
CDW,2024-07-01,2026-02-04,401
CE,2024-07-01,2026-02-04,401
CEG,2024-07-01,2026-02-04,401
CELH,2024-07-01,2026-02-04,401
CERT,2024-07-01,2026-02-04,401
CF,2024-07-01,2026-02-04,401
CFG,2024-07-01,2026-02-04,401
CFLT,2024-07-01,2026-02-04,401
CFR,2024-07-01,2026-02-04,401
CG,2024-07-01,2026-02-04,401
CGNX,2024-07-01,2026-02-04,401
CHD,2024-07-01,2026-02-04,401
CHDN,2024-07-01,2026-02-04,401
CHE,2024-07-01,2026-02-04,401
CHH,2024-07-01,2026-02-04,401
CHRD,2024-07-01,2026-02-04,401
CHRW,2024-07-01,2026-02-04,401
CHTR,2024-07-01,2026-02-04,401
CHWY,2024-07-01,2026-02-04,401
CI,2024-07-01,2026-02-04,401
CIEN,2024-07-01,2026-02-04,401
CINF,2024-07-01,2026-02-04,401
CL,2024-07-01,2026-02-04,401
CLF,2024-07-01,2026-02-04,401
CLH,2024-07-01,2026-02-04,401
CLVT,2024-07-01,2026-02-04,401
CLX,2024-07-01,2026-02-04,401
CMA,2024-07-01,2026-01-30,398
CMCSA,2024-07-01,2026-02-04,401
CME,2024-07-01,2026-02-04,401
CMG,2024-07-01,2026-02-04,401
CMI,2024-07-01,2026-02-04,401
CMS,2024-07-01,2026-02-04,401
CNA,2024-07-01,2026-02-04,401
CNC,2024-07-01,2026-02-04,401
CNH,2024-07-01,2026-02-04,401
CNM,2024-07-01,2026-02-04,401
CNP,2024-07-01,2026-02-04,401
CNXC,2024-07-01,2026-02-04,401
COF,2024-07-01,2026-02-04,401
COHR,2024-07-01,2026-02-04,401
COIN,2024-07-01,2026-02-04,401
COKE,2024-07-01,2026-02-04,401
COLB,2024-07-01,2026-02-04,401
COLD,2024-07-01,2026-02-04,401
COLM,2024-07-01,2026-02-04,401
COO,2024-07-01,2026-02-04,401
COP,2024-07-01,2026-02-04,401
COR,2024-07-01,2026-02-04,401
CORT,2024-07-01,2026-02-04,401
COST,2024-07-01,2026-02-04,401
COTY,2024-07-01,2026-02-04,401
CPAY,2024-07-01,2026-02-04,401
CPB,2024-07-01,2026-02-04,401
CPNG,2024-07-01,2026-02-04,401
CPRT,2024-07-01,2026-02-04,401
CPT,2024-07-01,2026-02-04,401
CR,2024-07-01,2026-02-04,401
CRCL,2025-06-05,2026-02-04,168
CRH,2024-07-01,2026-02-04,401
CRL,2024-07-01,2026-02-04,401
CRM,2024-07-01,2026-02-04,401
CROX,2024-07-01,2026-02-04,401
CRS,2024-07-01,2026-02-04,401
CRUS,2024-07-01,2026-02-04,401
CRWD,2024-07-01,2026-02-04,401
CSCO,2024-07-01,2026-02-04,401
CSGP,2024-07-01,2026-02-04,401
CSL,2024-07-01,2026-02-04,401
CSX,2024-07-01,2026-02-04,401
CTAS,2024-07-01,2026-02-04,401
CTRA,2024-07-01,2026-02-04,401
CTSH,2024-07-01,2026-02-04,401
CTVA,2024-07-01,2026-02-04,401
CUBE,2024-07-01,2026-02-04,401
CUZ,2024-07-01,2026-02-04,401
CVNA,2024-07-01,2026-02-04,401
CVS,2024-07-01,2026-02-04,401
CVX,2024-07-01,2026-02-04,401
CW,2024-07-01,2026-02-04,401
CWEN,2024-07-01,2026-02-04,401
CXT,2024-07-01,2026-02-04,401
CZR,2024-07-01,2026-02-04,401
D,2024-07-01,2026-02-04,401
DAL,2024-07-01,2026-02-04,401
DAR,2024-07-01,2026-02-04,401
DASH,2024-07-01,2026-02-04,401
DAY,2024-07-01,2026-02-03,400
DBX,2024-07-01,2026-02-04,401
DCI,2024-07-01,2026-02-04,401
DD,2024-07-01,2026-02-04,401
DDOG,2024-07-01,2026-02-04,401
DDS,2024-07-01,2026-02-04,401
DE,2024-07-01,2026-02-04,401
DECK,2024-07-01,2026-02-04,401
DELL,2024-07-01,2026-02-04,401
DG,2024-07-01,2026-02-04,401
DGX,2024-07-01,2026-02-04,401
DHI,2024-07-01,2026-02-04,401
DHR,2024-07-01,2026-02-04,401
DINO,2024-07-01,2026-02-04,401
DIS,2024-07-01,2026-02-04,401
DJT,2024-07-01,2026-02-04,401
DKNG,2024-07-01,2026-02-04,401
DKS,2024-07-01,2026-02-04,401
DLB,2024-07-01,2026-02-04,401
DLR,2024-07-01,2026-02-04,401
DLTR,2024-07-01,2026-02-04,401
DOC,2024-07-01,2026-02-04,401
DOCS,2024-07-01,2026-02-04,401
DOCU,2024-07-01,2026-02-04,401
DOV,2024-07-01,2026-02-04,401
DOW,2024-07-01,2026-02-04,401
DOX,2024-07-01,2026-02-04,401
DPZ,2024-07-01,2026-02-04,401
DRI,2024-07-01,2026-02-04,401
DRS,2024-07-01,2026-02-04,401
DT,2024-07-01,2026-02-04,401
DTE,2024-07-01,2026-02-04,401
DTM,2024-07-01,2026-02-04,401
DUK,2024-07-01,2026-02-04,401
DUOL,2024-07-01,2026-02-04,401
DV,2024-07-01,2026-02-04,401
DVA,2024-07-01,2026-02-04,401
DVN,2024-07-01,2026-02-04,401
DXC,2024-07-01,2026-02-04,401
DXCM,2024-07-01,2026-02-04,401
EA,2024-07-01,2026-02-04,401
EBAY,2024-07-01,2026-02-04,401
ECG,2024-11-01,2026-02-04,314
ECL,2024-07-01,2026-02-04,401
ED,2024-07-01,2026-02-04,401
EEFT,2024-07-01,2026-02-04,401
EFX,2024-07-01,2026-02-04,401
EG,2024-07-01,2026-02-04,401
EGP,2024-07-01,2026-02-04,401
EHC,2024-07-01,2026-02-04,401
EIX,2024-07-01,2026-02-04,401
EL,2024-07-01,2026-02-04,401
ELAN,2024-07-01,2026-02-04,401
ELF,2024-07-01,2026-02-04,401
ELS,2024-07-01,2026-02-04,401
ELV,2024-07-01,2026-02-04,401
EME,2024-07-01,2026-02-04,401
EMN,2024-07-01,2026-02-04,401
EMR,2024-07-01,2026-02-04,401
ENPH,2024-07-01,2026-02-04,401
ENTG,2024-07-01,2026-02-04,401
EOG,2024-07-01,2026-02-04,401
EPAM,2024-07-01,2026-02-04,401
EPR,2024-07-01,2026-02-04,401
EQH,2024-07-01,2026-02-04,401
EQIX,2024-07-01,2026-02-04,401
EQR,2024-07-01,2026-02-04,401
EQT,2024-07-01,2026-02-04,401
ES,2024-07-01,2026-02-04,401
ESAB,2024-07-01,2026-02-04,401
ESI,2024-07-01,2026-02-04,401
ESS,2024-07-01,2026-02-04,401
ESTC,2024-07-01,2026-02-04,401
ETN,2024-07-01,2026-02-04,401
ETR,2024-07-01,2026-02-04,401
ETSY,2024-07-01,2026-02-04,401
EVR,2024-07-01,2026-02-04,401
EVRG,2024-07-01,2026-02-04,401
EW,2024-07-01,2026-02-04,401
EWBC,2024-07-01,2026-02-04,401
EXAS,2024-07-01,2026-02-04,401
EXC,2024-07-01,2026-02-04,401
EXE,2024-10-02,2026-02-04,336
EXEL,2024-07-01,2026-02-04,401
EXLS,2024-07-01,2026-02-04,401
EXP,2024-07-01,2026-02-04,401
EXPD,2024-07-01,2026-02-04,401
EXPE,2024-07-01,2026-02-04,401
EXR,2024-07-01,2026-02-04,401
F,2024-07-01,2026-02-04,401
FAF,2024-07-01,2026-02-04,401
FANG,2024-07-01,2026-02-04,401
FAST,2024-07-01,2026-02-04,401
FBIN,2024-07-01,2026-02-04,401
FCN,2024-07-01,2026-02-04,401
FCNCA,2024-07-01,2026-02-04,401
FCX,2024-07-01,2026-02-04,401
FDS,2024-07-01,2026-02-04,401
FDX,2024-07-01,2026-02-04,401
FE,2024-07-01,2026-02-04,401
FERG,2024-07-01,2026-02-04,401
FFIV,2024-07-01,2026-02-04,401
FHB,2024-07-01,2026-02-04,401
FHN,2024-07-01,2026-02-04,401
FICO,2024-07-01,2026-02-04,401
FIGR,2025-09-11,2026-02-04,101
FIS,2024-07-01,2026-02-04,401
FISV,2025-11-11,2026-02-04,58
FITB,2024-07-01,2026-02-04,401
FIVE,2024-07-01,2026-02-04,401
FIX,2024-07-01,2026-02-04,401
FLEX,2024-07-01,2026-02-04,401
FLO,2024-07-01,2026-02-04,401
FLS,2024-07-01,2026-02-04,401
FLUT,2024-07-01,2026-02-04,401
FMC,2024-07-01,2026-02-04,401
FNB,2024-07-01,2026-02-04,401
FND,2024-07-01,2026-02-04,401
FNF,2024-07-01,2026-02-04,401
FOUR,2024-07-01,2026-02-04,401
FOX,2024-07-01,2026-02-04,401
FOXA,2024-07-01,2026-02-04,401
FR,2024-07-01,2026-02-04,401
FRHC,2024-07-01,2026-02-04,401
FRMI,2025-10-01,2026-02-04,87
FRPT,2024-07-01,2026-02-04,401
FRT,2024-07-01,2026-02-04,401
FSLR,2024-07-01,2026-02-04,401
FTAI,2024-07-01,2026-02-04,401
FTI,2024-07-01,2026-02-04,401
FTNT,2024-07-01,2026-02-04,401
FTV,2024-07-01,2026-02-04,401
FWONA,2024-07-01,2026-02-04,401
FWONK,2024-07-01,2026-02-04,401
G,2024-07-01,2026-02-04,401
GAP,2024-08-22,2026-02-04,364
GD,2024-07-01,2026-02-04,401
GDDY,2024-07-01,2026-02-04,401
GE,2024-07-01,2026-02-04,401
GEHC,2024-07-01,2026-02-04,401
GEN,2024-07-01,2026-02-04,401
GEV,2024-07-01,2026-02-04,401
GFS,2024-07-01,2026-02-04,401
GGG,2024-07-01,2026-02-04,401
GILD,2024-07-01,2026-02-04,401
GIS,2024-07-01,2026-02-04,401
GL,2024-07-01,2026-02-04,401
GLIBA,2025-07-15,2026-02-04,142
GLIBK,2025-07-15,2026-02-04,142
GLOB,2024-07-01,2026-02-04,401
GLPI,2024-07-01,2026-02-04,401
GLW,2024-07-01,2026-02-04,401
GM,2024-07-01,2026-02-04,401
GME,2024-07-01,2026-02-04,401
GMED,2024-07-01,2026-02-04,401
GNRC,2024-07-01,2026-02-04,401
GNTX,2024-07-01,2026-02-04,401
GOOG,2024-07-01,2026-02-04,401
GOOGL,2024-07-01,2026-02-04,401
GPC,2024-07-01,2026-02-04,401
GPK,2024-07-01,2026-02-04,401
GPN,2024-07-01,2026-02-04,401
GRMN,2024-07-01,2026-02-04,401
GS,2024-07-01,2026-02-04,401
GTES,2024-07-01,2026-02-04,401
GTLB,2024-07-01,2026-02-04,401
GTM,2025-05-13,2026-02-04,184
GWRE,2024-07-01,2026-02-04,401
GWW,2024-07-01,2026-02-04,401
GXO,2024-07-01,2026-02-04,401
H,2024-07-01,2026-02-04,401
HAL,2024-07-01,2026-02-04,401
HALO,2024-07-01,2026-02-04,401
HAS,2024-07-01,2026-02-04,401
HAYW,2024-07-01,2026-02-04,401
HBAN,2024-07-01,2026-02-04,401
HCA,2024-07-01,2026-02-04,401
HD,2024-07-01,2026-02-04,401
HEI,2024-07-01,2026-02-04,401
HEI.A,2024-07-01,2026-02-04,401
HHH,2024-07-01,2026-02-04,401
HIG,2024-07-01,2026-02-04,401
HII,2024-07-01,2026-02-04,401
HIW,2024-07-01,2026-02-04,401
HLI,2024-07-01,2026-02-04,401
HLNE,2024-07-01,2026-02-04,401
HLT,2024-07-01,2026-02-04,401
HOG,2024-07-01,2026-02-04,401
HOLX,2024-07-01,2026-02-04,401
HON,2024-07-01,2026-02-04,401
HOOD,2024-07-01,2026-02-04,401
HPE,2024-07-01,2026-02-04,401
HPQ,2024-07-01,2026-02-04,401
HR,2024-07-01,2026-02-04,401
HRB,2024-07-01,2026-02-04,401
HRL,2024-07-01,2026-02-04,401
HSIC,2024-07-01,2026-02-04,401
HST,2024-07-01,2026-02-04,401
HSY,2024-07-01,2026-02-04,401
HUBB,2024-07-01,2026-02-04,401
HUBS,2024-07-01,2026-02-04,401
HUM,2024-07-01,2026-02-04,401
HUN,2024-07-01,2026-02-04,401
HWM,2024-07-01,2026-02-04,401
HXL,2024-07-01,2026-02-04,401
IAC,2024-07-01,2026-02-04,401
IBKR,2024-07-01,2026-02-04,401
IBM,2024-07-01,2026-02-04,401
ICE,2024-07-01,2026-02-04,401
IDA,2024-07-01,2026-02-04,401
IDXX,2024-07-01,2026-02-04,401
IEX,2024-07-01,2026-02-04,401
IFF,2024-07-01,2026-02-04,401
ILMN,2024-07-01,2026-02-04,401
INCY,2024-07-01,2026-02-04,401
INGM,2024-10-24,2026-02-04,320
INGR,2024-07-01,2026-02-04,401
INSM,2024-07-01,2026-02-04,401
INSP,2024-07-01,2026-02-04,401
INTC,2024-07-01,2026-02-04,401
INTU,2024-07-01,2026-02-04,401
INVH,2024-07-01,2026-02-04,401
IONS,2024-07-01,2026-02-04,401
IOT,2024-07-01,2026-02-04,401
IP,2024-07-01,2026-02-04,401
IPGP,2024-07-01,2026-02-04,401
IQV,2024-07-01,2026-02-04,401
IR,2024-07-01,2026-02-04,401
IRDM,2024-07-01,2026-02-04,401
IRM,2024-07-01,2026-02-04,401
ISRG,2024-07-01,2026-02-04,401
IT,2024-07-01,2026-02-04,401
ITT,2024-07-01,2026-02-04,401
ITW,2024-07-01,2026-02-04,401
IVZ,2024-07-01,2026-02-04,401
J,2024-07-01,2026-02-04,401
JAZZ,2024-07-01,2026-02-04,401
JBHT,2024-07-01,2026-02-04,401
JBL,2024-07-01,2026-02-04,401
JCI,2024-07-01,2026-02-04,401
JEF,2024-07-01,2026-02-04,401
JHG,2024-07-01,2026-02-04,401
JHX,2024-07-01,2026-02-04,401
JKHY,2024-07-01,2026-02-04,401
JLL,2024-07-01,2026-02-04,401
JNJ,2024-07-01,2026-02-04,401
JPM,2024-07-01,2026-02-04,401
KBR,2024-07-01,2026-02-04,401
KD,2024-07-01,2026-02-04,401
KDP,2024-07-01,2026-02-04,401
KEX,2024-07-01,2026-02-04,401
KEY,2024-07-01,2026-02-04,401
KEYS,2024-07-01,2026-02-04,401
KHC,2024-07-01,2026-02-04,401
KIM,2024-07-01,2026-02-04,401
KKR,2024-07-01,2026-02-04,401
KLAC,2024-07-01,2026-02-04,401
KMB,2024-07-01,2026-02-04,401
KMI,2024-07-01,2026-02-04,401
KMPR,2024-07-01,2026-02-04,401
KMX,2024-07-01,2026-02-04,401
KNSL,2024-07-01,2026-02-04,401
KNX,2024-07-01,2026-02-04,401
KO,2024-07-01,2026-02-04,401
KR,2024-07-01,2026-02-04,401
KRC,2024-07-01,2026-02-04,401
KRMN,2025-02-13,2026-02-04,245
KVUE,2024-07-01,2026-02-04,401
L,2024-07-01,2026-02-04,401
LAD,2024-07-01,2026-02-04,401
LAMR,2024-07-01,2026-02-04,401
LAZ,2024-07-01,2026-02-04,401
LBRDA,2024-07-01,2026-02-04,401
LBRDK,2024-07-01,2026-02-04,401
LBTYA,2024-07-01,2026-02-04,401
LBTYK,2024-07-01,2026-02-04,401
LCID,2024-07-01,2026-02-04,401
LDOS,2024-07-01,2026-02-04,401
LEA,2024-07-01,2026-02-04,401
LECO,2024-07-01,2026-02-04,401
LEN,2024-07-01,2026-02-04,401
LEN.B,2024-07-01,2026-02-04,401
LFUS,2024-07-01,2026-02-04,401
LH,2024-07-01,2026-02-04,401
LHX,2024-07-01,2026-02-04,401
LII,2024-07-01,2026-02-04,401
LIN,2024-07-01,2026-02-04,401
LINE,2024-07-25,2026-02-04,384
LITE,2024-07-01,2026-02-04,401
LKQ,2024-07-01,2026-02-04,401
LLY,2024-07-01,2026-02-04,401
LLYVA,2024-07-01,2026-02-04,401
LLYVK,2024-07-01,2026-02-04,401
LMT,2024-07-01,2026-02-04,401
LNC,2024-07-01,2026-02-04,401
LNG,2024-07-01,2026-02-04,401
LNT,2024-07-01,2026-02-04,401
LOAR,2024-07-01,2026-02-04,401
LOPE,2024-07-01,2026-02-04,401
LOW,2024-07-01,2026-02-04,401
LPLA,2024-07-01,2026-02-04,401
LPX,2024-07-01,2026-02-04,401
LRCX,2024-07-01,2026-02-04,401
LSCC,2024-07-01,2026-02-04,401
LSTR,2024-07-01,2026-02-04,401
LULU,2024-07-01,2026-02-04,401
LUV,2024-07-01,2026-02-04,401
LVS,2024-07-01,2026-02-04,401
LW,2024-07-01,2026-02-04,401
LYB,2024-07-01,2026-02-04,401
LYFT,2024-07-01,2026-02-04,401
LYV,2024-07-01,2026-02-04,401
M,2024-07-01,2026-02-04,401
MA,2024-07-01,2026-02-04,401
MAA,2024-07-01,2026-02-04,401
MAN,2024-07-01,2026-02-04,401
MANH,2024-07-01,2026-02-04,401
MAR,2024-07-01,2026-02-04,401
MAS,2024-07-01,2026-02-04,401
MASI,2024-07-01,2026-02-04,401
MAT,2024-07-01,2026-02-04,401
MCD,2024-07-01,2026-02-04,401
MCHP,2024-07-01,2026-02-04,401
MCK,2024-07-01,2026-02-04,401
MCO,2024-07-01,2026-02-04,401
MDB,2024-07-01,2026-02-04,401
MDLZ,2024-07-01,2026-02-04,401
MDT,2024-07-01,2026-02-04,401
MDU,2024-07-01,2026-02-04,401
MEDP,2024-07-01,2026-02-04,401
MET,2024-07-01,2026-02-04,401
META,2024-07-01,2026-02-04,401
MGM,2024-07-01,2026-02-04,401
MHK,2024-07-01,2026-02-04,401
MIDD,2024-07-01,2026-02-04,401
MKC,2024-07-01,2026-02-04,401
MKL,2024-07-01,2026-02-04,401
MKSI,2024-07-01,2026-02-04,401
MKTX,2024-07-01,2026-02-04,401
MLI,2024-07-01,2026-02-04,401
MLM,2024-07-01,2026-02-04,401
MMM,2024-07-01,2026-02-04,401
MNST,2024-07-01,2026-02-04,401
MO,2024-07-01,2026-02-04,401
MOH,2024-07-01,2026-02-04,401
MORN,2024-07-01,2026-02-04,401
MOS,2024-07-01,2026-02-04,401
MP,2024-07-01,2026-02-04,401
MPC,2024-07-01,2026-02-04,401
MPWR,2024-07-01,2026-02-04,401
MRK,2024-07-01,2026-02-04,401
MRNA,2024-07-01,2026-02-04,401
MRP,2025-02-07,2026-02-04,249
MRSH,2026-01-14,2026-02-04,15
MRVL,2024-07-01,2026-02-04,401
MS,2024-07-01,2026-02-04,401
MSA,2024-07-01,2026-02-04,401
MSCI,2024-07-01,2026-02-04,401
MSFT,2024-07-01,2026-02-04,401
MSGS,2024-07-01,2026-02-04,401
MSI,2024-07-01,2026-02-04,401
MSM,2024-07-01,2026-02-04,401
MSTR,2024-07-01,2026-02-04,401
MTB,2024-07-01,2026-02-04,401
MTCH,2024-07-01,2026-02-04,401
MTD,2024-07-01,2026-02-04,401
MTDR,2024-07-01,2026-02-04,401
MTG,2024-07-01,2026-02-04,401
MTN,2024-07-01,2026-02-04,401
MTSI,2024-07-01,2026-02-04,401
MTZ,2024-07-01,2026-02-04,401
MU,2024-07-01,2026-02-04,401
MUSA,2024-07-01,2026-02-04,401
NBIX,2024-07-01,2026-02-04,401
NCLH,2024-07-01,2026-02-04,401
NCNO,2024-07-01,2026-02-04,401
NDAQ,2024-07-01,2026-02-04,401
NDSN,2024-07-01,2026-02-04,401
NEE,2024-07-01,2026-02-04,401
NEM,2024-07-01,2026-02-04,401
NET,2024-07-01,2026-02-04,401
NEU,2024-07-01,2026-02-04,401
NFG,2024-07-01,2026-02-04,401
NFLX,2024-07-01,2026-02-04,401
NI,2024-07-01,2026-02-04,401
NIQ,2025-07-23,2026-02-04,136
NKE,2024-07-01,2026-02-04,401
NLY,2024-07-01,2026-02-04,401
NNN,2024-07-01,2026-02-04,401
NOC,2024-07-01,2026-02-04,401
NOV,2024-07-01,2026-02-04,401
NOW,2024-07-01,2026-02-04,401
NRG,2024-07-01,2026-02-04,401
NSA,2024-07-01,2026-02-04,401
NSC,2024-07-01,2026-02-04,401
NTAP,2024-07-01,2026-02-04,401
NTNX,2024-07-01,2026-02-04,401
NTRA,2024-07-01,2026-02-04,401
NTRS,2024-07-01,2026-02-04,401
NU,2024-07-01,2026-02-04,401
NUE,2024-07-01,2026-02-04,401
NVDA,2024-07-01,2026-02-04,401
NVR,2024-07-01,2026-02-04,401
NVST,2024-07-01,2026-02-04,401
NVT,2024-07-01,2026-02-04,401
NWL,2024-07-01,2026-02-04,401
NWS,2024-07-01,2026-02-04,401
NWSA,2024-07-01,2026-02-04,401
NXST,2024-07-01,2026-02-04,401
NYT,2024-07-01,2026-02-04,401
O,2024-07-01,2026-02-04,401
OC,2024-07-01,2026-02-04,401
ODFL,2024-07-01,2026-02-04,401
OGE,2024-07-01,2026-02-04,401
OGN,2024-07-01,2026-02-04,401
OHI,2024-07-01,2026-02-04,401
OKE,2024-07-01,2026-02-04,401
OKTA,2024-07-01,2026-02-04,401
OLED,2024-07-01,2026-02-04,401
OLLI,2024-07-01,2026-02-04,401
OLN,2024-07-01,2026-02-04,401
OMC,2024-07-01,2026-02-04,401
OMF,2024-07-01,2026-02-04,401
ON,2024-07-01,2026-02-04,401
ONON,2024-07-01,2026-02-04,401
ONTO,2024-07-01,2026-02-04,401
ORCL,2024-07-01,2026-02-04,401
ORI,2024-07-01,2026-02-04,401
ORLY,2024-07-01,2026-02-04,401
OSK,2024-07-01,2026-02-04,401
OTIS,2024-07-01,2026-02-04,401
OVV,2024-07-01,2026-02-04,401
OWL,2024-07-01,2026-02-04,401
OXY,2024-07-01,2026-02-04,401
OZK,2024-07-01,2026-02-04,401
PAG,2024-07-01,2026-02-04,401
PANW,2024-07-01,2026-02-04,401
PATH,2024-07-01,2026-02-04,401
PAYC,2024-07-01,2026-02-04,401
PAYX,2024-07-01,2026-02-04,401
PB,2024-07-01,2026-02-04,401
PCAR,2024-07-01,2026-02-04,401
PCG,2024-07-01,2026-02-04,401
PCOR,2024-07-01,2026-02-04,401
PCTY,2024-07-01,2026-02-04,401
PEG,2024-07-01,2026-02-04,401
PEGA,2024-07-01,2026-02-04,401
PEN,2024-07-01,2026-02-04,401
PENN,2024-07-01,2026-02-04,401
PEP,2024-07-01,2026-02-04,401
PFE,2024-07-01,2026-02-04,401
PFG,2024-07-01,2026-02-04,401
PFGC,2024-07-01,2026-02-04,401
PG,2024-07-01,2026-02-04,401
PGR,2024-07-01,2026-02-04,401
PH,2024-07-01,2026-02-04,401
PHM,2024-07-01,2026-02-04,401
PINS,2024-07-01,2026-02-04,401
PK,2024-07-01,2026-02-04,401
PKG,2024-07-01,2026-02-04,401
PLD,2024-07-01,2026-02-04,401
PLNT,2024-07-01,2026-02-04,401
PLTR,2024-07-01,2026-02-04,401
PM,2024-07-01,2026-02-04,401
PNC,2024-07-01,2026-02-04,401
PNFP,2024-07-01,2026-02-04,401
PNR,2024-07-01,2026-02-04,401
PNW,2024-07-01,2026-02-04,401
PODD,2024-07-01,2026-02-04,401
POOL,2024-07-01,2026-02-04,401
POST,2024-07-01,2026-02-04,401
PPC,2024-07-01,2026-02-04,401
PPG,2024-07-01,2026-02-04,401
PPL,2024-07-01,2026-02-04,401
PR,2024-07-01,2026-02-04,401
PRGO,2024-07-01,2026-02-04,401
PRI,2024-07-01,2026-02-04,401
PRMB,2024-11-11,2026-02-04,308
PRU,2024-07-01,2026-02-04,401
PSA,2024-07-01,2026-02-04,401
PSN,2024-07-01,2026-02-04,401
PSTG,2024-07-01,2026-02-04,401
PSX,2024-07-01,2026-02-04,401
PTC,2024-07-01,2026-02-04,401
PVH,2024-07-01,2026-02-04,401
PWR,2024-07-01,2026-02-04,401
PYPL,2024-07-01,2026-02-04,401
Q,2025-11-03,2026-02-04,64
QCOM,2024-07-01,2026-02-04,401
QGEN,2024-07-01,2026-02-04,401
QRVO,2024-07-01,2026-02-04,401
QS,2024-07-01,2026-02-04,401
QSR,2024-07-01,2026-02-04,401
QXO,2024-07-01,2026-02-04,401
R,2024-07-01,2026-02-04,401
RAL,2025-06-30,2026-02-04,152
RARE,2024-07-01,2026-02-04,401
RBA,2024-07-01,2026-02-04,401
RBC,2024-07-01,2026-02-04,401
RBLX,2024-07-01,2026-02-04,401
RBRK,2024-07-01,2026-02-04,401
RCL,2024-07-01,2026-02-04,401
RDDT,2024-07-01,2026-02-04,401
REG,2024-07-01,2026-02-04,401
REGN,2024-07-01,2026-02-04,401
REXR,2024-07-01,2026-02-04,401
REYN,2024-07-01,2026-02-04,401
RF,2024-07-01,2026-02-04,401
RGA,2024-07-01,2026-02-04,401
RGEN,2024-07-01,2026-02-04,401
RGLD,2024-07-01,2026-02-04,401
RH,2024-07-01,2026-02-04,401
RHI,2024-07-01,2026-02-04,401
RITM,2024-07-01,2026-02-04,401
RIVN,2024-07-01,2026-02-04,401
RJF,2024-07-01,2026-02-04,401
RKLB,2024-07-01,2026-02-04,401
RKT,2024-07-01,2026-02-04,401
RL,2024-07-01,2026-02-04,401
RLI,2024-07-01,2026-02-04,401
RMD,2024-07-01,2026-02-04,401
RNG,2024-07-01,2026-02-04,401
RNR,2024-07-01,2026-02-04,401
ROIV,2024-07-01,2026-02-04,401
ROK,2024-07-01,2026-02-04,401
ROKU,2024-07-01,2026-02-04,401
ROL,2024-07-01,2026-02-04,401
ROP,2024-07-01,2026-02-04,401
ROST,2024-07-01,2026-02-04,401
RPM,2024-07-01,2026-02-04,401
RPRX,2024-07-01,2026-02-04,401
RRC,2024-07-01,2026-02-04,401
RRX,2024-07-01,2026-02-04,401
RS,2024-07-01,2026-02-04,401
RSG,2024-07-01,2026-02-04,401
RTX,2024-07-01,2026-02-04,401
RVMD,2024-07-01,2026-02-04,401
RVTY,2024-07-01,2026-02-04,401
RYAN,2024-07-01,2026-02-04,401
RYN,2024-07-01,2026-02-04,401
S,2024-07-01,2026-02-04,401
SAIA,2024-07-01,2026-02-04,401
SAIC,2024-07-01,2026-02-04,401
SAIL,2025-02-13,2026-02-04,245
SAM,2024-07-01,2026-02-04,401
SARO,2024-10-02,2026-02-04,336
SBAC,2024-07-01,2026-02-04,401
SBUX,2024-07-01,2026-02-04,401
SCCO,2024-07-01,2026-02-04,401
SCHW,2024-07-01,2026-02-04,401
SCI,2024-07-01,2026-02-04,401
SEB,2024-07-01,2026-02-04,401
SEE,2024-07-01,2026-02-04,401
SEIC,2024-07-01,2026-02-04,401
SF,2024-07-01,2026-02-04,401
SFD,2025-01-28,2026-02-04,257
SFM,2024-07-01,2026-02-04,401
SGI,2025-02-18,2026-02-04,243
SHC,2024-07-01,2026-02-04,401
SHW,2024-07-01,2026-02-04,401
SIRI,2024-07-01,2026-02-04,401
SITE,2024-07-01,2026-02-04,401
SJM,2024-07-01,2026-02-04,401
SLB,2024-07-01,2026-02-04,401
SLGN,2024-07-01,2026-02-04,401
SLM,2024-07-01,2026-02-04,401
SMCI,2024-07-01,2026-02-04,401
SMG,2024-07-01,2026-02-04,401
SMMT,2024-07-01,2026-02-04,401
SN,2024-07-01,2026-02-04,401
SNA,2024-07-01,2026-02-04,401
SNDK,2025-02-24,2026-02-04,239
SNDR,2024-07-01,2026-02-04,401
SNOW,2024-07-01,2026-02-04,401
SNPS,2024-07-01,2026-02-04,401
SNX,2024-07-01,2026-02-04,401
SO,2024-07-01,2026-02-04,401
SOFI,2024-07-01,2026-02-04,401
SOLS,2025-10-30,2026-02-04,66
SOLV,2024-07-01,2026-02-04,401
SON,2024-07-01,2026-02-04,401
SPG,2024-07-01,2026-02-04,401
SPGI,2024-07-01,2026-02-04,401
SPOT,2024-07-01,2026-02-04,401
SRE,2024-07-01,2026-02-04,401
SRPT,2024-07-01,2026-02-04,401
SSB,2024-07-01,2026-02-04,401
SSD,2024-07-01,2026-02-04,401
SSNC,2024-07-01,2026-02-04,401
ST,2024-07-01,2026-02-04,401
STAG,2024-07-01,2026-02-04,401
STE,2024-07-01,2026-02-04,401
STLD,2024-07-01,2026-02-04,401
STT,2024-07-01,2026-02-04,401
STWD,2024-07-01,2026-02-04,401
STZ,2024-07-01,2026-02-04,401
SUI,2024-07-01,2026-02-04,401
SW,2024-07-08,2026-02-04,397
SWK,2024-07-01,2026-02-04,401
SWKS,2024-07-01,2026-02-04,401
SYF,2024-07-01,2026-02-04,401
SYK,2024-07-01,2026-02-04,401
SYY,2024-07-01,2026-02-04,401
T,2024-07-01,2026-02-04,401
TAP,2024-07-01,2026-02-04,401
TDC,2024-07-01,2026-02-04,401
TDG,2024-07-01,2026-02-04,401
TDY,2024-07-01,2026-02-04,401
TEAM,2024-07-01,2026-02-04,401
TECH,2024-07-01,2026-02-04,401
TEM,2024-07-01,2026-02-04,401
TER,2024-07-01,2026-02-04,401
TFC,2024-07-01,2026-02-04,401
TFSL,2024-07-01,2026-02-04,401
TFX,2024-07-01,2026-02-04,401
TGT,2024-07-01,2026-02-04,401
THC,2024-07-01,2026-02-04,401
THG,2024-07-01,2026-02-04,401
THO,2024-07-01,2026-02-04,401
TIGO,2024-07-01,2026-02-04,401
TJX,2024-07-01,2026-02-04,401
TKO,2024-07-01,2026-02-04,401
TKR,2024-07-01,2026-02-04,401
TLN,2024-07-10,2026-02-04,395
TMO,2024-07-01,2026-02-04,401
TMUS,2024-07-01,2026-02-04,401
TNL,2024-07-01,2026-02-04,401
TOL,2024-07-01,2026-02-04,401
TOST,2024-07-01,2026-02-04,401
TPG,2024-07-01,2026-02-04,401
TPL,2024-07-01,2026-02-04,401
TPR,2024-07-01,2026-02-04,401
TREX,2024-07-01,2026-02-04,401
TRGP,2024-07-01,2026-02-04,401
TRMB,2024-07-01,2026-02-04,401
TROW,2024-07-01,2026-02-04,401
TRU,2024-07-01,2026-02-04,401
TRV,2024-07-01,2026-02-04,401
TSCO,2024-07-01,2026-02-04,401
TSLA,2024-07-01,2026-02-04,401
TSN,2024-07-01,2026-02-04,401
TT,2024-07-01,2026-02-04,401
TTC,2024-07-01,2026-02-04,401
TTD,2024-07-01,2026-02-04,401
TTEK,2024-07-01,2026-02-04,401
TTWO,2024-07-01,2026-02-04,401
TW,2024-07-01,2026-02-04,401
TWLO,2024-07-01,2026-02-04,401
TXN,2024-07-01,2026-02-04,401
TXRH,2024-07-01,2026-02-04,401
TXT,2024-07-01,2026-02-04,401
TYL,2024-07-01,2026-02-04,401
U,2024-07-01,2026-02-04,401
UA,2024-07-01,2026-02-04,401
UAA,2024-07-01,2026-02-04,401
UAL,2024-07-01,2026-02-04,401
UBER,2024-07-01,2026-02-04,401
UDR,2024-07-01,2026-02-04,401
UGI,2024-07-01,2026-02-04,401
UHAL,2024-07-01,2026-02-04,401
UHS,2024-07-01,2026-02-04,401
UI,2024-07-01,2026-02-04,401
ULTA,2024-07-01,2026-02-04,401
UNH,2024-07-01,2026-02-04,401
UNM,2024-07-01,2026-02-04,401
UNP,2024-07-01,2026-02-04,401
UPS,2024-07-01,2026-02-04,401
URI,2024-07-01,2026-02-04,401
USB,2024-07-01,2026-02-04,401
USFD,2024-07-01,2026-02-04,401
UTHR,2024-07-01,2026-02-04,401
UWMC,2024-07-01,2026-02-04,401
V,2024-07-01,2026-02-04,401
VEEV,2024-07-01,2026-02-04,401
VFC,2024-07-01,2026-02-04,401
VICI,2024-07-01,2026-02-04,401
VIK,2024-07-01,2026-02-04,401
VIRT,2024-07-01,2026-02-04,401
VKTX,2024-07-01,2026-02-04,401
VLO,2024-07-01,2026-02-04,401
VLTO,2024-07-01,2026-02-04,401
VMC,2024-07-01,2026-02-04,401
VMI,2024-07-01,2026-02-04,401
VNO,2024-07-01,2026-02-04,401
VNOM,2024-07-01,2026-02-04,401
VNT,2024-07-01,2026-02-04,401
VOYA,2024-07-01,2026-02-04,401
VRSK,2024-07-01,2026-02-04,401
VRSN,2024-07-01,2026-02-04,401
VRT,2024-07-01,2026-02-04,401
VRTX,2024-07-01,2026-02-04,401
VSNT,2026-01-05,2026-02-04,22
VST,2024-07-01,2026-02-04,401
VTR,2024-07-01,2026-02-04,401
VTRS,2024-07-01,2026-02-04,401
VVV,2024-07-01,2026-02-04,401
VZ,2024-07-01,2026-02-04,401
W,2024-07-01,2026-02-04,401
WAB,2024-07-01,2026-02-04,401
WAL,2024-07-01,2026-02-04,401
WAT,2024-07-01,2026-02-04,401
WBD,2024-07-01,2026-02-04,401
WBS,2024-07-01,2026-02-04,401
WCC,2024-07-01,2026-02-04,401
WDAY,2024-07-01,2026-02-04,401
WDC,2024-07-01,2026-02-04,401
WEC,2024-07-01,2026-02-04,401
WELL,2024-07-01,2026-02-04,401
WEN,2024-07-01,2026-02-04,401
WEX,2024-07-01,2026-02-04,401
WFC,2024-07-01,2026-02-04,401
WFRD,2024-07-01,2026-02-04,401
WH,2024-07-01,2026-02-04,401
WHR,2024-07-01,2026-02-04,401
WING,2024-07-01,2026-02-04,401
WLK,2024-07-01,2026-02-04,401
WM,2024-07-01,2026-02-04,401
WMB,2024-07-01,2026-02-04,401
WMS,2024-07-01,2026-02-04,401
WMT,2024-07-01,2026-02-04,401
WPC,2024-07-01,2026-02-04,401
WRB,2024-07-01,2026-02-04,401
WSC,2024-07-01,2026-02-04,401
WSM,2024-07-01,2026-02-04,401
WSO,2024-07-01,2026-02-04,401
WST,2024-07-01,2026-02-04,401
WTFC,2024-07-01,2026-02-04,401
WTM,2024-07-01,2026-02-04,401
WTRG,2024-07-01,2026-02-04,401
WTW,2024-07-01,2026-02-04,401
WU,2024-07-01,2026-02-04,401
WWD,2024-07-01,2026-02-04,401
WY,2024-07-01,2026-02-04,401
WYNN,2024-07-01,2026-02-04,401
XEL,2024-07-01,2026-02-04,401
XOM,2024-07-01,2026-02-04,401
XP,2024-07-01,2026-02-04,401
XPO,2024-07-01,2026-02-04,401
XRAY,2024-07-01,2026-02-04,401
XYL,2024-07-01,2026-02-04,401
XYZ,2025-01-21,2026-02-04,262
YETI,2024-07-01,2026-02-04,401
YUM,2024-07-01,2026-02-04,401
Z,2024-07-01,2026-02-04,401
ZBH,2024-07-01,2026-02-04,401
